Date,Content
2025-07-23,https://boxd.it/8ZZuUD
2025-07-30,https://boxd.it/avZNkP
2025-08-01,https://boxd.it/aysmOT
2025-08-03,https://boxd.it/az0jGF
2025-08-11,https://boxd.it/7BdDkf
2025-08-11,https://boxd.it/9dEN17
2025-08-14,https://boxd.it/7EQUJL
2025-08-14,https://boxd.it/aJ6oDt
2025-08-15,https://boxd.it/aJzGxr
2025-08-17,https://boxd.it/aJ57YH
2025-08-18,https://boxd.it/aLlPdv
2025-08-18,https://boxd.it/aKr3rH
2025-08-18,https://boxd.it/aMePjD
2025-08-20,https://boxd.it/aMYC9d
2025-08-20,https://boxd.it/70SUv
2025-08-20,https://boxd.it/aNbggx
2025-08-20,https://boxd.it/aNDjHH
2025-08-20,https://boxd.it/aNzVKL
2025-08-20,https://boxd.it/aLbs4F
2025-08-21,https://boxd.it/aMVDVV
2025-08-21,https://boxd.it/aKIB05
2025-08-22,https://boxd.it/4ipXR3
2025-08-22,https://boxd.it/4YZQXj
2025-08-22,https://boxd.it/5bcUR9
2025-08-22,https://boxd.it/52jNlN
2025-08-22,https://boxd.it/9NzhrV
2025-08-22,https://boxd.it/aOjMfr
2025-08-22,https://boxd.it/axxBAN
2025-08-23,https://boxd.it/aPrlUH
2025-08-23,https://boxd.it/5Bo5OL
2025-08-26,https://boxd.it/aQx22n
2025-08-26,https://boxd.it/aRMAi9
2025-08-27,https://boxd.it/aJTTcr
2025-08-31,https://boxd.it/aUENlh
2025-09-01,https://boxd.it/aVcLIh
2025-09-03,https://boxd.it/aUKxXr
2025-09-03,https://boxd.it/aL74Gx
2025-09-04,https://boxd.it/aWijyp
2025-09-05,https://boxd.it/aYtLxJ
2025-09-05,https://boxd.it/aYvPsn
2025-09-05,https://boxd.it/aYx86H
2025-09-06,https://boxd.it/7VEs9p
2025-09-07,https://boxd.it/9Uz5Mb
2025-09-09,https://boxd.it/b0LqVp
2025-09-13,https://boxd.it/b3rR1Z
2025-09-13,https://boxd.it/aMd4KP
2025-09-14,https://boxd.it/750krH
2025-09-14,https://boxd.it/aVzCUf
2025-09-16,https://boxd.it/6TeMAd
2025-09-17,https://boxd.it/b5ywft
2025-09-18,https://boxd.it/8IjOjl
2025-09-18,https://boxd.it/atIu05
2025-09-19,https://boxd.it/9UKGVV
2025-09-20,https://boxd.it/6RqxCz
2025-09-21,https://boxd.it/b3u7g1
2025-09-24,https://boxd.it/jjsjT
2025-09-24,https://boxd.it/b9QHOr
2025-09-25,https://boxd.it/b6hXxp
2025-09-25,https://boxd.it/5ZzJUx
2025-09-30,https://boxd.it/a0aUHl
2025-10-03,https://boxd.it/bc294L
2025-10-07,https://boxd.it/bhOCkz
2025-10-08,https://boxd.it/6G8PJN
2025-10-08,https://boxd.it/8hAaeB
2025-10-10,https://boxd.it/bjz7bT
2025-10-11,https://boxd.it/8txmCd
2025-10-14,https://boxd.it/bmOA0x
2025-10-15,https://boxd.it/7HEMD
2025-10-15,https://boxd.it/bn1ZVz
2025-10-18,https://boxd.it/blxj0H
2025-10-19,https://boxd.it/bpmvUh
2025-10-20,https://boxd.it/7WIl3L
2025-10-21,https://boxd.it/99XwIl
2025-10-22,https://boxd.it/b7FyKF
2025-10-22,https://boxd.it/85uXYD
2025-10-22,https://boxd.it/aSyk6R
2025-10-29,https://boxd.it/bwjAEP
2025-10-30,https://boxd.it/bxqVHD
2025-11-03,https://boxd.it/bz36Qr
2025-11-09,https://boxd.it/byaiCB
2025-11-10,https://boxd.it/bEwq8H
2025-11-13,https://boxd.it/bGD8x7
2025-11-16,https://boxd.it/boJ7v5
2025-11-16,https://boxd.it/bsFBJJ
2025-11-17,https://boxd.it/bIqKmX
2025-11-18,https://boxd.it/bKupBD
2025-11-21,https://boxd.it/bMsEI9
2025-11-21,https://boxd.it/bFpybT
2025-11-21,https://boxd.it/bMKact
2025-11-24,https://boxd.it/be4Mxp
2025-11-24,https://boxd.it/bOpHT7
2025-11-25,https://boxd.it/7oWjPv
2025-11-25,https://boxd.it/bbO7iD
2025-11-25,https://boxd.it/aJ4Pbn
2025-11-26,https://boxd.it/bPbZHJ
2025-11-26,https://boxd.it/8QoSSB
2025-11-26,https://boxd.it/adWTZB
2025-11-26,https://boxd.it/abHcAP
2025-11-26,https://boxd.it/acOoNz
2025-11-26,https://boxd.it/abSnb9
2025-11-26,https://boxd.it/a6qTAf
2025-11-27,https://boxd.it/9lXcgJ
2025-11-27,https://boxd.it/bdWPv1
2025-11-27,https://boxd.it/9ibarx
2025-11-29,https://boxd.it/bOdGyD
2025-11-29,https://boxd.it/b2JaKp
2025-11-29,https://boxd.it/b2NNDv
2025-11-30,https://boxd.it/bSitSL
2025-11-30,https://boxd.it/bfgS6d
2025-11-30,https://boxd.it/a86g3T
2025-11-30,https://boxd.it/3odCqR
2025-11-30,https://boxd.it/bRP2wb
2025-11-30,https://boxd.it/bdiuyD
2025-11-30,https://boxd.it/bbWQ9R
2025-11-30,https://boxd.it/bMCW05
2025-11-30,https://boxd.it/8EGQ6j
2025-11-30,https://boxd.it/b3GiiV
2025-11-30,https://boxd.it/bPTP3x
2025-11-30,https://boxd.it/bb9PJr
2025-11-30,https://boxd.it/bPoO85
2025-11-30,https://boxd.it/bo7bwF
2025-12-01,https://boxd.it/aP1BSb
2025-12-01,https://boxd.it/bTh1IF
2025-12-04,https://boxd.it/bOt2yF
2025-12-04,https://boxd.it/bNrhMz
2025-12-04,https://boxd.it/7p6OWn
2025-12-04,https://boxd.it/N9hvT
2025-12-04,https://boxd.it/bfJNBj
2025-12-04,https://boxd.it/9UBdPL
2025-12-04,https://boxd.it/bSlEtt
2025-12-04,https://boxd.it/bPU1T1
2025-12-04,https://boxd.it/bVhRjv
2025-12-06,https://boxd.it/bBLQGD
2025-12-06,https://boxd.it/aidqc1
2025-12-08,https://boxd.it/6Esg2L
2025-12-10,https://boxd.it/bR7yb7
2025-12-12,https://boxd.it/c0BS8D
2025-12-21,https://boxd.it/c8xbPj
2025-12-23,https://boxd.it/caGhA1
2025-12-25,https://boxd.it/cd1DiX
2025-12-30,https://boxd.it/9CF0j9
2025-12-30,https://boxd.it/ciUG6Z
2026-01-02,https://boxd.it/cm93nz
2026-01-03,https://boxd.it/cpnbeF
2026-01-08,https://boxd.it/cvtiuB
2026-01-08,https://boxd.it/csVtVn
2026-01-10,https://boxd.it/bk5Gl9
2026-01-12,https://boxd.it/cyCllH
2026-01-19,https://boxd.it/cyyYZX
2026-01-19,https://boxd.it/JaF7x
2026-01-19,https://boxd.it/mMm2d
2026-01-19,https://boxd.it/ynedl
2026-01-19,https://boxd.it/cFlG8N
2026-01-22,https://boxd.it/8ZwlK7
2026-01-25,https://boxd.it/cNBtmr
2026-01-26,https://boxd.it/cOIqLB
2026-01-31,https://boxd.it/a0NSdB
2026-02-01,https://boxd.it/cV4kPP
2026-02-02,https://boxd.it/cWcDCb
2026-02-05,https://boxd.it/cVZI0b
2026-02-08,https://boxd.it/d1F0Sx
2026-02-08,https://boxd.it/d1EYOD
2026-02-09,https://boxd.it/d2VH4r
2026-02-13,https://boxd.it/d63rrR
2026-02-13,https://boxd.it/d62SLd
2026-02-14,https://boxd.it/bRE2vb
2026-02-14,https://boxd.it/cOxIhR
2026-02-14,https://boxd.it/bU3831
2026-02-14,https://boxd.it/bVOu3l
2026-02-15,https://boxd.it/crhVOb
2026-02-15,https://boxd.it/bLzNZX
2026-02-15,https://boxd.it/d5saDH
2026-02-15,https://boxd.it/bKk2n9
2026-02-15,https://boxd.it/d7O8Qh
2026-02-16,https://boxd.it/d0J7OL
2026-02-16,https://boxd.it/cLPLmJ
2026-02-16,https://boxd.it/d6enLP
2026-02-16,https://boxd.it/cT9L4j
2026-02-16,https://boxd.it/cvlUaX
2026-02-16,https://boxd.it/cpgM5L
2026-02-16,https://boxd.it/d8R59p
2026-02-18,https://boxd.it/baemFL
2026-02-18,https://boxd.it/aOc3ZF
2026-02-18,https://boxd.it/at3TPl
2026-02-19,https://boxd.it/dbh061
2026-02-19,https://boxd.it/cW8oEN
2026-02-22,https://boxd.it/aViOqd
2026-02-22,https://boxd.it/bzdeIP
2026-02-22,https://boxd.it/bAFhcn
2026-02-22,https://boxd.it/bCXoop
2026-02-22,https://boxd.it/bzDEWF
2026-02-22,https://boxd.it/bzOfPr
2026-02-22,https://boxd.it/b68HVn
2026-02-22,https://boxd.it/aWQKOH
2026-02-22,https://boxd.it/dfEvt3
2026-02-28,https://boxd.it/dkbgnr
2026-03-01,https://boxd.it/cUjWTL
2026-03-01,https://boxd.it/cP9dEB
2026-03-01,https://boxd.it/cV81Th
2026-03-05,https://boxd.it/JHCD7
2026-03-05,https://boxd.it/1fZnCH
2026-03-05,https://boxd.it/xinOh
2026-03-05,https://boxd.it/d0R1Ln
2026-03-08,https://boxd.it/dpWT1X
2026-03-10,https://boxd.it/8HXB5h
2026-03-13,https://boxd.it/9kLzM1
2026-03-19,https://boxd.it/dA88jz
2026-03-19,https://boxd.it/c4rRVF
2026-03-19,https://boxd.it/cUQZJZ
2026-03-19,https://boxd.it/cTZwRf
2026-03-19,https://boxd.it/bXIV0p
2026-03-20,https://boxd.it/dAhRlD
2026-03-20,https://boxd.it/dAq5g9
2026-03-20,https://boxd.it/dAkfyb
2026-03-22,https://boxd.it/dC0Ddz
2026-03-22,https://boxd.it/cW4ImV
2026-03-23,https://boxd.it/9o6ErB
2026-03-23,https://boxd.it/9cNA21
2026-03-24,https://boxd.it/dE8H4F
2026-03-24,https://boxd.it/dEr87H
2026-03-25,https://boxd.it/dAiSxd
2026-03-25,https://boxd.it/dFbQvv
2026-03-26,https://boxd.it/dGBP8L
2026-03-27,https://boxd.it/2AnBid
2026-03-28,https://boxd.it/dtJnWH
2026-03-28,https://boxd.it/93aomp
2026-03-28,https://boxd.it/1UmBrp
2026-03-30,https://boxd.it/bHgpMV
2026-03-30,https://boxd.it/7wDtXD
2026-04-01,https://boxd.it/bOlsVp
2026-04-01,https://boxd.it/cSfc0f
2026-04-02,https://boxd.it/bMRYI9
2026-04-02,https://boxd.it/boKV4v
2026-04-02,https://boxd.it/dMLfMJ
2026-04-03,https://boxd.it/dMXqXd
2026-04-05,https://boxd.it/brB5TP
2026-04-05,https://boxd.it/bno8mn
2026-04-10,https://boxd.it/1oWcwN
2026-04-10,https://boxd.it/25Xh1T
2026-04-11,https://boxd.it/dLtdg7
2026-04-11,https://boxd.it/dw5xtd
2026-04-11,https://boxd.it/dT7MLx
2026-04-11,https://boxd.it/dNzNNh
2026-04-11,https://boxd.it/dUWRvF
2026-04-11,https://boxd.it/dVuWkl
2026-04-11,https://boxd.it/dVeIpp
2026-04-12,https://boxd.it/ahHNBT
2026-04-12,https://boxd.it/2yYv59
2026-04-12,https://boxd.it/1YClgj
2026-04-12,https://boxd.it/16SpPj
2026-04-12,https://boxd.it/fHnE5
2026-04-14,https://boxd.it/9BqMeH
2026-04-14,https://boxd.it/bfnBcn
2026-04-14,https://boxd.it/bGiIEL
2026-04-14,https://boxd.it/qs4w1
2026-04-14,https://boxd.it/QSFnh
2026-04-14,https://boxd.it/1qImlv
2026-04-14,https://boxd.it/7uhRIl
2026-04-14,https://boxd.it/b4b4Eb
2026-04-14,https://boxd.it/8IZ1yl
2026-04-14,https://boxd.it/a6rVOZ
2026-04-14,https://boxd.it/1aPwQ9
2026-04-14,https://boxd.it/J104p
2026-04-14,https://boxd.it/2CkXwX
2026-04-14,https://boxd.it/15YVBV
2026-04-15,https://boxd.it/2SaGeB
2026-04-15,https://boxd.it/9yfcUX
2026-04-15,https://boxd.it/dTH5nJ
2026-04-15,https://boxd.it/2YfyrV
2026-04-15,https://boxd.it/4jni6b
2026-04-15,https://boxd.it/dYEF0Z
2026-04-16,https://boxd.it/5teC53
2026-04-16,https://boxd.it/b6Ehxj
2026-04-16,https://boxd.it/dZNUrX
2026-04-17,https://boxd.it/TiCjB
2026-04-17,https://boxd.it/R7G8x
2026-04-17,https://boxd.it/T0Jub
2026-04-17,https://boxd.it/4Sx7L3
2026-04-17,https://boxd.it/dG3zJD
2026-04-18,https://boxd.it/e0BfLR
2026-04-18,https://boxd.it/e1iMSn
2026-04-19,https://boxd.it/8KM27H
2026-04-20,https://boxd.it/6Xb8L1
2026-04-20,https://boxd.it/70lfrJ
2026-04-20,https://boxd.it/6XbVnd
2026-04-20,https://boxd.it/6ZIN71
2026-04-20,https://boxd.it/70FLgt
2026-04-20,https://boxd.it/7c34PR
2026-04-20,https://boxd.it/e2kerv
2026-04-20,https://boxd.it/e37MtX
2026-04-22,https://boxd.it/dbPMWd
2026-04-22,https://boxd.it/8Wjlzl
2026-04-22,https://boxd.it/iTizF
2026-04-22,https://boxd.it/1eGBmL
2026-04-22,https://boxd.it/2db3BT
2026-04-22,https://boxd.it/2hwDWV
2026-04-22,https://boxd.it/RYMm7
2026-04-26,https://boxd.it/e4KZHF
2026-04-26,https://boxd.it/b8tEvV
2026-04-26,https://boxd.it/OHapV
2026-04-26,https://boxd.it/vTGtD
2026-04-26,https://boxd.it/beIHZ
2026-04-26,https://boxd.it/5A8FD
2026-04-26,https://boxd.it/1bwik5
2026-04-26,https://boxd.it/e6MCJv
2026-04-26,https://boxd.it/e6bdqf
2026-04-26,https://boxd.it/e0yrgb
2026-04-26,https://boxd.it/dVihCz
2026-04-26,https://boxd.it/dYoCSn
2026-04-26,https://boxd.it/dYWLkx
2026-04-26,https://boxd.it/e3gLFB
2026-04-26,https://boxd.it/e4tPVN
2026-04-26,https://boxd.it/e3nfId
2026-04-26,https://boxd.it/e7DBXR
2026-04-30,https://boxd.it/ea9rjp
2026-04-30,https://boxd.it/661JxX
2026-04-30,https://boxd.it/7LlbVX
2026-04-30,https://boxd.it/3KohnH
2026-04-30,https://boxd.it/3YseQF
2026-04-30,https://boxd.it/5GVaBD
2026-04-30,https://boxd.it/cNphAd
2026-04-30,https://boxd.it/59jikd
2026-04-30,https://boxd.it/bJM19H
2026-04-30,https://boxd.it/e5Cdgp
2026-04-30,https://boxd.it/eaA1IR
2026-04-30,https://boxd.it/eayxP7
2026-04-30,https://boxd.it/ea2jzP
2026-05-01,https://boxd.it/5V76Bf
2026-05-01,https://boxd.it/5T4WKf
2026-05-01,https://boxd.it/5VfFKd
2026-05-01,https://boxd.it/5Y8PDz
2026-05-01,https://boxd.it/5Vbpyd
2026-05-01,https://boxd.it/5TiGF7
2026-05-01,https://boxd.it/5UHjeB
2026-05-01,https://boxd.it/5V5CEB
2026-05-01,https://boxd.it/5TjeqP
2026-05-01,https://boxd.it/5SLoij
2026-05-01,https://boxd.it/e0KBEr
2026-05-01,https://boxd.it/dNNPnX
2026-05-01,https://boxd.it/bBOLVz
2026-05-01,https://boxd.it/dc7cIv
2026-05-01,https://boxd.it/aR5G4V
2026-05-01,https://boxd.it/5XZ0cf
2026-05-01,https://boxd.it/eaU0RX
2026-05-03,https://boxd.it/ecGVUf
2026-05-03,https://boxd.it/edivHv
2026-05-04,https://boxd.it/e6jNBp
2026-05-04,https://boxd.it/adiQ51
2026-05-04,https://boxd.it/1qJbUh
2026-05-04,https://boxd.it/3leZQX
2026-05-04,https://boxd.it/KWxQ5
2026-05-04,https://boxd.it/7V1vh
2026-05-04,https://boxd.it/13gh47
2026-05-04,https://boxd.it/xKaPR
2026-05-04,https://boxd.it/6VA19L
2026-05-04,https://boxd.it/1kUOBL
2026-05-04,https://boxd.it/9Vatlx
2026-05-04,https://boxd.it/auaZKT
2026-05-04,https://boxd.it/2wMieZ
2026-05-04,https://boxd.it/1syySp
2026-05-04,https://boxd.it/1WIT9b
2026-05-04,https://boxd.it/2zyHvb
2026-05-04,https://boxd.it/ee0dXj
2026-05-04,https://boxd.it/edCmsV
2026-05-04,https://boxd.it/d5pLj
2026-05-04,https://boxd.it/962hdL
2026-05-04,https://boxd.it/doaPFJ
2026-05-04,https://boxd.it/a5ODRj
2026-05-04,https://boxd.it/aM6NTj
2026-05-04,https://boxd.it/8OurFp
2026-05-04,https://boxd.it/i14EX
2026-05-04,https://boxd.it/cFimT
2026-05-04,https://boxd.it/22CyUH
2026-05-04,https://boxd.it/r8I1B
2026-05-04,https://boxd.it/eeo3HN
2026-05-05,https://boxd.it/ee26Fh
2026-05-06,https://boxd.it/efiqUH
2026-05-07,https://boxd.it/dWzdHt
2026-05-07,https://boxd.it/dSubjj
2026-05-07,https://boxd.it/ecSbSV
2026-05-07,https://boxd.it/e82NZF
2026-05-07,https://boxd.it/dObOWl
2026-05-07,https://boxd.it/eg5M9h
2026-05-09,https://boxd.it/ehrQfV
2026-05-09,https://boxd.it/ehPH6D
2026-05-12,https://boxd.it/ejHu6R
2026-05-12,https://boxd.it/ejYtwX
2026-05-12,https://boxd.it/RDz6j
2026-05-12,https://boxd.it/MB4Tb
2026-05-12,https://boxd.it/bpfkT
2026-05-12,https://boxd.it/25vDDp
2026-05-12,https://boxd.it/aTFPf
2026-05-12,https://boxd.it/9LHARh
2026-05-12,https://boxd.it/aYQsmX
2026-05-12,https://boxd.it/boLZ9h
2026-05-12,https://boxd.it/dXNWY7
2026-05-14,https://boxd.it/dCCys1
2026-05-14,https://boxd.it/e64OaJ
2026-05-14,https://boxd.it/efEdYZ
2026-05-14,https://boxd.it/e1bAFH
2026-05-14,https://boxd.it/em48z7
2026-05-14,https://boxd.it/d09Kp9
2026-05-15,https://boxd.it/emgmMD
2026-05-16,https://boxd.it/1bt6D
2026-05-16,https://boxd.it/8CxDt
2026-05-16,https://boxd.it/dHlR9
2026-05-16,https://boxd.it/1FlskH
2026-05-16,https://boxd.it/xM219
2026-05-17,https://boxd.it/enTYOp
2026-05-18,https://boxd.it/eoGQ7P
2026-05-18,https://boxd.it/eo3hbT
2026-05-18,https://boxd.it/enJycz
2026-05-18,https://boxd.it/enzNYN
2026-05-18,https://boxd.it/emTnOD
2026-05-18,https://boxd.it/en4IJh
2026-05-18,https://boxd.it/emTRRx
2026-05-18,https://boxd.it/epobMZ
2026-05-18,https://boxd.it/en3l7R
2026-05-18,https://boxd.it/epAST9
2026-05-18,https://boxd.it/9TkB7F
2026-05-19,https://boxd.it/2WToiL
2026-05-21,https://boxd.it/erc2zL
2026-05-21,https://boxd.it/by43xp
2026-05-21,https://boxd.it/bwnOHL
2026-05-21,https://boxd.it/cKJftx
2026-05-21,https://boxd.it/dYhhSn
2026-05-21,https://boxd.it/baS4cL
2026-05-22,https://boxd.it/cGdaVr
2026-05-22,https://boxd.it/eiUy6t
2026-05-22,https://boxd.it/az2n4f
2026-05-22,https://boxd.it/9Wg6vP
2026-05-22,https://boxd.it/823zm5
2026-05-22,https://boxd.it/aH5MUt
2026-05-23,https://boxd.it/erbf8r
2026-05-24,https://boxd.it/aHACtJ
2026-05-24,https://boxd.it/dWzu6J
2026-05-24,https://boxd.it/bf2bo1
2026-05-24,https://boxd.it/99Xn1d
2026-05-24,https://boxd.it/5u4Fzf
2026-05-24,https://boxd.it/dx4ygh
2026-05-24,https://boxd.it/dUZ2Jd
2026-05-24,https://boxd.it/d0N3Aj
2026-05-24,https://boxd.it/cXsabB
2026-05-24,https://boxd.it/cRyxr1
2026-05-24,https://boxd.it/ef7QSb
2026-05-24,https://boxd.it/dDS3wn
2026-05-24,https://boxd.it/dhhgc9
2026-05-24,https://boxd.it/ce45ox
2026-05-24,https://boxd.it/cmUMrZ
2026-05-24,https://boxd.it/ckZqBP
2026-05-24,https://boxd.it/cduGXn
2026-05-24,https://boxd.it/cMwKu9
2026-05-24,https://boxd.it/euk4N9
2026-05-25,https://boxd.it/euM5Qz
2026-05-26,https://boxd.it/eviTlF
2026-05-26,https://boxd.it/evkUVN
2026-05-26,https://boxd.it/ei3bwx
2026-05-26,https://boxd.it/ei3dHR
2026-05-26,https://boxd.it/evnd4x
2026-05-27,https://boxd.it/dBV50V
2026-05-27,https://boxd.it/4uxiRv
2026-05-27,https://boxd.it/219SKZ
2026-05-27,https://boxd.it/aZLagV
2026-05-27,https://boxd.it/5HacSB
2026-05-27,https://boxd.it/8vwbuD
2026-05-27,https://boxd.it/9OPm4N
2026-05-27,https://boxd.it/9Hvlyp
2026-05-27,https://boxd.it/ewn3Y5
2026-05-28,https://boxd.it/eweQzP
2026-05-28,https://boxd.it/ew8LDv
2026-05-28,https://boxd.it/euCQNH
2026-05-28,https://boxd.it/euy2C7
2026-05-28,https://boxd.it/bQXYup
2026-05-28,https://boxd.it/dtCReB
2026-05-28,https://boxd.it/e0uJLD
2026-05-28,https://boxd.it/bKs5l7
2026-05-28,https://boxd.it/9zuWqD
2026-05-28,https://boxd.it/ettqql
2026-05-28,https://boxd.it/eoo0xZ
2026-05-28,https://boxd.it/esBS7D
2026-05-28,https://boxd.it/exKxUR
2026-05-28,https://boxd.it/b5Ygap
2026-05-29,https://boxd.it/exQQYZ
2026-05-29,https://boxd.it/exPX1N
2026-05-29,https://boxd.it/exQq47
2026-05-29,https://boxd.it/exUeqD
2026-05-29,https://boxd.it/EOBdr
2026-05-29,https://boxd.it/1d1aW7
2026-05-29,https://boxd.it/1eJecT
2026-05-29,https://boxd.it/1e9gcf
2026-05-30,https://boxd.it/ezaHC5
2026-05-31,https://boxd.it/dJl2ix
2026-05-31,https://boxd.it/aBSdYf
2026-05-31,https://boxd.it/6vjAA5
2026-05-31,https://boxd.it/bQ6Bh7
2026-05-31,https://boxd.it/ehnFjz
2026-05-31,https://boxd.it/dTazK3
2026-05-31,https://boxd.it/ebxglh
2026-05-31,https://boxd.it/exKPXp
2026-05-31,https://boxd.it/eaICZV
2026-05-31,https://boxd.it/eb4F9n
2026-05-31,https://boxd.it/eaNNqH
2026-05-31,https://boxd.it/eaJb5N
2026-05-31,https://boxd.it/ezDwEx
2026-05-31,https://boxd.it/ezspKh
2026-05-31,https://boxd.it/eAiIJ7
2026-06-01,https://boxd.it/enQeNp
2026-06-01,https://boxd.it/bOj0dZ
2026-06-01,https://boxd.it/uaEkv
2026-06-01,https://boxd.it/rjo0l
2026-06-01,https://boxd.it/UYpIV
2026-06-01,https://boxd.it/ogoVj
2026-06-01,https://boxd.it/q5XPV
2026-06-01,https://boxd.it/lPmYD
2026-06-01,https://boxd.it/39wxM7
2026-06-01,https://boxd.it/ezSxSF
2026-06-01,https://boxd.it/eBhhWl
2026-06-01,https://boxd.it/ezlQu7
2026-06-01,https://boxd.it/ed8zdz
2026-06-02,https://boxd.it/eBz3v7
2026-06-02,https://boxd.it/eBTFfh
2026-06-02,https://boxd.it/eBOmGt
2026-06-02,https://boxd.it/aP47O5
2026-06-02,https://boxd.it/doe0eP
2026-06-02,https://boxd.it/zCQQT
2026-06-02,https://boxd.it/izTKZ
2026-06-02,https://boxd.it/14AKQD
2026-06-02,https://boxd.it/1rejM3
2026-06-02,https://boxd.it/1bt5bj
2026-06-02,https://boxd.it/LSz8F
2026-06-02,https://boxd.it/N18Hv
2026-06-02,https://boxd.it/eyIUP1
2026-06-02,https://boxd.it/eCaiAl
2026-06-03,https://boxd.it/es4fOn
2026-06-03,https://boxd.it/ey1Ggl
2026-06-03,https://boxd.it/er3V4v
2026-06-03,https://boxd.it/er0i2T
2026-06-03,https://boxd.it/ezsTob
2026-06-03,https://boxd.it/eCvRcv
2026-06-03,https://boxd.it/eCvcSP
2026-06-03,https://boxd.it/eCKIBr
2026-06-03,https://boxd.it/eCpLa7
2026-06-04,https://boxd.it/eAqHib
2026-06-05,https://boxd.it/eDAQp3
2026-06-05,https://boxd.it/eDvLPl
2026-06-05,https://boxd.it/esyY3L
2026-06-05,https://boxd.it/cDrfPz
2026-06-05,https://boxd.it/dMnErj
2026-06-05,https://boxd.it/ciGHSH
2026-06-05,https://boxd.it/9yw0x7
2026-06-05,https://boxd.it/9p74lD
2026-06-05,https://boxd.it/ezTGgR
2026-06-05,https://boxd.it/4NBjOh
2026-06-05,https://boxd.it/bAAgF
2026-06-05,https://boxd.it/1HUJjf
2026-06-05,https://boxd.it/1CRk4N
2026-06-06,https://boxd.it/eENbD9
2026-06-06,https://boxd.it/eF4Qbz
2026-06-06,https://boxd.it/rFCUV
2026-06-06,https://boxd.it/wRQPJ
2026-06-06,https://boxd.it/6qKMPl
2026-06-06,https://boxd.it/1DEbjH
2026-06-06,https://boxd.it/2qdxXV
2026-06-06,https://boxd.it/15oRK3
2026-06-06,https://boxd.it/ehkhYR
2026-06-06,https://boxd.it/ehi7AB
2026-06-07,https://boxd.it/aCsJKr
2026-06-07,https://boxd.it/aeH7V1
2026-06-07,https://boxd.it/ac2VDV
2026-06-07,https://boxd.it/admjnf
2026-06-07,https://boxd.it/adfOw9
2026-06-07,https://boxd.it/eFZvdt
2026-06-07,https://boxd.it/eGJxaX
2026-06-07,https://boxd.it/elrmLt
2026-06-07,https://boxd.it/9yvAOB
2026-06-07,https://boxd.it/1cNLXj
2026-06-07,https://boxd.it/F3qjj
2026-06-07,https://boxd.it/1eRfBh
2026-06-07,https://boxd.it/4ivqxB
2026-06-07,https://boxd.it/1u6Uhx
2026-06-07,https://boxd.it/22TrMZ
2026-06-08,https://boxd.it/eGcUD3
2026-06-08,https://boxd.it/eDzBzl
2026-06-08,https://boxd.it/eGVzpz
2026-06-08,https://boxd.it/etr0VN
2026-06-09,https://boxd.it/eH5C6b
2026-06-09,https://boxd.it/dxpPS5
2026-06-09,https://boxd.it/c9VUpH
2026-06-09,https://boxd.it/dqkVAN
2026-06-09,https://boxd.it/aQxRQD
2026-06-09,https://boxd.it/85whOF
2026-06-09,https://boxd.it/qSum9
2026-06-09,https://boxd.it/259GRv
2026-06-09,https://boxd.it/U54rf
2026-06-09,https://boxd.it/1BiJax
2026-06-09,https://boxd.it/eIxWwD
2026-06-09,https://boxd.it/eIeNL7
2026-06-10,https://boxd.it/eIIgE3
2026-06-10,https://boxd.it/eIPEjH
2026-06-10,https://boxd.it/8AUZHF
2026-06-10,https://boxd.it/ehhAJF
2026-06-10,https://boxd.it/bt1bL9
2026-06-10,https://boxd.it/eg51Sz
2026-06-10,https://boxd.it/ehhf6n
2026-06-10,https://boxd.it/dbTruZ
2026-06-10,https://boxd.it/d3a4BV
2026-06-10,https://boxd.it/dRyiv1
2026-06-10,https://boxd.it/eIPPL3
2026-06-10,https://boxd.it/etBzl1
2026-06-10,https://boxd.it/dYoTKP
2026-06-11,https://boxd.it/eJP6wh
2026-06-11,https://boxd.it/eKbw7h
2026-06-11,https://boxd.it/9cIJv7
2026-06-11,https://boxd.it/dY8l6z
2026-06-11,https://boxd.it/dVsVvD
2026-06-11,https://boxd.it/dDQAXn
2026-06-11,https://boxd.it/7pDb5l
2026-06-11,https://boxd.it/cdEnqT
2026-06-11,https://boxd.it/bymqFx
2026-06-11,https://boxd.it/aT0l2d
2026-06-11,https://boxd.it/a1nRXv
2026-06-11,https://boxd.it/5pnvIJ
2026-06-11,https://boxd.it/6QlYoP
2026-06-11,https://boxd.it/5vvn2F
2026-06-11,https://boxd.it/aPm8IX
2026-06-11,https://boxd.it/eKegt3
2026-06-13,https://boxd.it/eJWqYz
2026-06-13,https://boxd.it/eL9Lrr
2026-06-13,https://boxd.it/eJHdfh
2026-06-13,https://boxd.it/eEWJuX
2026-06-13,https://boxd.it/8646BD
2026-06-13,https://boxd.it/85Nrst
2026-06-13,https://boxd.it/8cEkHB
2026-06-13,https://boxd.it/eLBrsb
2026-06-13,https://boxd.it/eKampD
2026-06-13,https://boxd.it/eLH2wT
2026-06-14,https://boxd.it/eLWazr
2026-06-14,https://boxd.it/eML2A9
2026-06-14,https://boxd.it/eMNoSD
2026-06-14,https://boxd.it/aegDeJ
2026-06-14,https://boxd.it/a96oKP
2026-06-14,https://boxd.it/dtDZ63
2026-06-14,https://boxd.it/8obT9f
2026-06-14,https://boxd.it/7JHxcB
2026-06-14,https://boxd.it/7f290f
2026-06-14,https://boxd.it/cxtTD9
2026-06-14,https://boxd.it/dRaRLv
2026-06-15,https://boxd.it/eMXsJl
2026-06-15,https://boxd.it/eNLlYX
2026-06-15,https://boxd.it/eNGYFl
2026-06-15,https://boxd.it/eNHcL3
2026-06-16,https://boxd.it/aS7Tn5
2026-06-16,https://boxd.it/dwUwAz
2026-06-16,https://boxd.it/bmfgcj
2026-06-16,https://boxd.it/2ShjGh
2026-06-16,https://boxd.it/dwRKQF
2026-06-16,https://boxd.it/eNRbbj
2026-06-16,https://boxd.it/eMXOGN
2026-06-16,https://boxd.it/eMYmnP
2026-06-16,https://boxd.it/eOvFZj
2026-06-17,https://boxd.it/eORK21
2026-06-18,https://boxd.it/eGvE8V
2026-06-18,https://boxd.it/eEQ64z
2026-06-18,https://boxd.it/ePrzeR
2026-06-18,https://boxd.it/ePsakH
2026-06-18,https://boxd.it/ex5VtX
2026-06-18,https://boxd.it/ex42jL
2026-06-18,https://boxd.it/eAX5ET
2026-06-18,https://boxd.it/ey9ylt
2026-06-18,https://boxd.it/ex7k8x
2026-06-18,https://boxd.it/exao0D
2026-06-18,https://boxd.it/exdeGb
2026-06-18,https://boxd.it/ezmkrx
2026-06-18,https://boxd.it/exlgvb
2026-06-18,https://boxd.it/exK7dH
2026-06-18,https://boxd.it/ewZO11
2026-06-18,https://boxd.it/exRSLZ
2026-06-18,https://boxd.it/exPCC9
2026-06-18,https://boxd.it/eFwW25
2026-06-18,https://boxd.it/eBeZIV
2026-06-18,https://boxd.it/ewI6rP
2026-06-18,https://boxd.it/eyehgB
2026-06-18,https://boxd.it/eMYP2L
2026-06-18,https://boxd.it/eMLlUR
2026-06-18,https://boxd.it/eQ3p1T
2026-06-18,https://boxd.it/ePkswb
2026-06-18,https://boxd.it/eO1E97
2026-06-19,https://boxd.it/eQbxEl
2026-06-19,https://boxd.it/8TiJUt
2026-06-19,https://boxd.it/M2G9F
2026-06-19,https://boxd.it/jYnV1
2026-06-19,https://boxd.it/aqeR1
2026-06-19,https://boxd.it/ZMsWR
2026-06-19,https://boxd.it/1t9EmX
2026-06-19,https://boxd.it/eQwTOT
2026-06-19,https://boxd.it/eQr7mx
2026-06-19,https://boxd.it/6iKffn
2026-06-19,https://boxd.it/eQURW5
2026-06-20,https://boxd.it/cGdWjF
2026-06-20,https://boxd.it/dpG4Df
2026-06-20,https://boxd.it/cHnXPr
2026-06-20,https://boxd.it/4w1xFj
2026-06-20,https://boxd.it/4wg65D
2026-06-20,https://boxd.it/4wFyB3
2026-06-20,https://boxd.it/4Gjin1
2026-06-20,https://boxd.it/4w3esT
2026-06-20,https://boxd.it/5NTPdr
2026-06-20,https://boxd.it/eR4P7z
2026-06-20,https://boxd.it/eRdLrt
2026-06-20,https://boxd.it/eRDpgb
2026-06-21,https://boxd.it/eSClgj
2026-06-21,https://boxd.it/efYdKN
2026-06-22,https://boxd.it/eEJF3n
2026-06-22,https://boxd.it/eTcoex
2026-06-22,https://boxd.it/eSYRqf
2026-06-22,https://boxd.it/7N9kmV
2026-06-22,https://boxd.it/9M3ldP
2026-06-24,https://boxd.it/eUV7Vt
2026-06-25,https://boxd.it/eVNF2v
2026-06-25,https://boxd.it/eSLJKF
2026-06-25,https://boxd.it/eUmU4X
2026-06-26,https://boxd.it/eWinmf
2026-06-26,https://boxd.it/eWWpBV
2026-06-26,https://boxd.it/bwbUgd
2026-06-26,https://boxd.it/aUAyF
2026-06-26,https://boxd.it/2l8Z8h
2026-06-26,https://boxd.it/2clQlL
2026-06-26,https://boxd.it/LCGCb
2026-06-26,https://boxd.it/9I78l
2026-06-26,https://boxd.it/ar2wrb
2026-06-27,https://boxd.it/eXgltt
